2,21723,REF
3,4,REF
5,4,REF
6,4,REF
7,4,REF
8,4,REF
9,4,REF
10,4,REF
11,21723,REF
27,26,REF
114,115,REF
116,117,REF
118,117,REF
119,117,REF
120,117,REF
121,117,REF
122,123,REF
124,117,REF
125,115,REF
126,123,REF
127,115,REF
128,115,REF
129,130,REF
131,130,REF
132,133,REF
134,117,REF
135,115,REF
136,133,REF
137,115,REF
138,115,REF
139,130,REF
140,130,REF
141,115,REF
142,117,REF
143,144,REF
145,115,REF
146,144,REF
147,115,REF
148,115,REF
149,130,REF
150,130,REF
151,152,REF
153,154,REF
155,156,REF
157,152,REF
158,159,REF
160,156,REF
161,156,REF
162,156,REF
163,156,REF
164,156,REF
165,115,REF
166,159,REF
167,115,REF
168,115,REF
169,130,REF
170,130,REF
171,172,REF
173,115,REF
174,172,REF
175,115,REF
176,115,REF
177,130,REF
178,130,REF
179,159,REF
180,115,REF
181,159,REF
182,115,REF
183,115,REF
184,130,REF
185,130,REF
186,187,REF
188,189,REF
190,187,REF
191,187,REF
192,189,REF
193,21723,REF
471,472,REF
473,472,REF
474,472,REF
475,472,REF
476,477,REF
478,472,REF
479,477,REF
480,481,REF
482,472,REF
483,481,REF
484,485,REF
486,472,REF
487,472,REF
488,472,REF
489,472,REF
490,472,REF
491,492,REF
493,492,REF
494,495,REF
496,495,REF
497,498,REF
499,500,REF
501,500,REF
502,503,REF
504,498,REF
505,498,REF
506,498,REF
507,503,REF
508,509,REF
510,498,REF
511,498,REF
512,498,REF
513,498,REF
514,498,REF
515,509,REF
516,492,REF
517,492,REF
518,519,REF
520,519,REF
521,509,REF
522,509,REF
523,485,REF
524,21723,REF
704,705,REF
706,705,REF
707,705,REF
708,705,REF
709,705,REF
710,705,REF
711,705,REF
712,705,REF
713,705,REF
714,705,REF
715,705,REF
716,705,REF
717,705,REF
718,705,REF
719,705,REF
720,721,REF
722,723,REF
724,721,REF
725,726,REF
727,726,REF
728,721,REF
729,730,REF
731,721,REF
732,733,REF
734,733,REF
735,733,REF
736,733,REF
737,721,REF
738,739,REF
740,721,REF
741,742,REF
743,721,REF
744,745,REF
746,721,REF
747,748,REF
749,721,REF
750,751,REF
752,721,REF
753,754,REF
755,721,REF
756,757,REF
758,721,REF
759,760,REF
761,721,REF
762,763,REF
764,721,REF
765,766,REF
767,721,REF
768,769,REF
770,721,REF
771,772,REF
773,772,REF
774,721,REF
775,776,REF
777,721,REF
778,779,REF
780,721,REF
781,782,REF
783,721,REF
784,785,REF
786,721,REF
787,788,REF
789,721,REF
790,791,REF
792,721,REF
793,794,REF
795,796,REF
797,798,REF
799,800,REF
801,798,REF
802,803,REF
804,798,REF
805,806,REF
807,798,REF
808,809,REF
810,798,REF
811,812,REF
813,812,REF
814,812,REF
815,798,REF
816,817,REF
818,798,REF
819,820,REF
821,798,REF
822,823,REF
824,798,REF
825,826,REF
827,798,REF
828,829,REF
830,831,REF
832,831,REF
833,831,REF
834,831,REF
835,831,REF
836,831,REF
837,831,REF
838,831,REF
839,831,REF
840,831,REF
841,831,REF
842,831,REF
843,831,REF
844,831,REF
845,831,REF
846,831,REF
847,831,REF
848,831,REF
849,850,REF
851,850,REF
852,853,REF
854,853,REF
855,856,REF
857,856,REF
858,856,REF
859,856,REF
860,856,REF
861,856,REF
862,856,REF
863,856,REF
864,856,REF
865,856,REF
866,856,REF
867,856,REF
868,856,REF
869,870,REF
871,870,REF
872,870,REF
873,870,REF
874,870,REF
875,870,REF
876,870,REF
877,870,REF
878,870,REF
879,870,REF
880,870,REF
881,870,REF
882,870,REF
883,870,REF
884,870,REF
885,870,REF
886,870,REF
887,870,REF
888,870,REF
889,870,REF
890,870,REF
891,870,REF
892,870,REF
893,870,REF
894,870,REF
895,870,REF
896,870,REF
897,870,REF
898,870,REF
899,870,REF
900,870,REF
901,870,REF
902,870,REF
903,870,REF
904,870,REF
905,870,REF
906,870,REF
907,870,REF
908,870,REF
909,870,REF
910,911,REF
912,913,REF
914,915,REF
916,917,REF
918,911,REF
919,915,REF
920,917,REF
921,917,REF
922,917,REF
923,924,REF
925,926,REF
927,928,REF
929,928,REF
930,926,REF
931,926,REF
932,926,REF
933,934,REF
935,926,REF
936,934,REF
937,924,REF
938,939,REF
940,941,REF
942,939,REF
943,944,REF
945,946,REF
947,944,REF
948,949,REF
950,951,REF
952,949,REF
953,954,REF
955,956,REF
957,954,REF
958,959,REF
960,961,REF
962,959,REF
963,964,REF
965,966,REF
967,966,REF
968,969,REF
970,971,REF
972,973,REF
974,975,REF
976,973,REF
977,975,REF
978,975,REF
979,971,REF
980,971,REF
981,971,REF
982,971,REF
983,984,REF
985,975,REF
986,987,REF
988,984,REF
989,975,REF
990,984,REF
991,987,REF
992,975,REF
993,984,REF
994,995,REF
996,975,REF
997,926,REF
998,995,REF
999,975,REF
1000,995,REF
1001,975,REF
1002,1003,REF
1004,1005,REF
1006,975,REF
1007,1005,REF
1008,995,REF
1009,1005,REF
1010,926,REF
1011,971,REF
1012,1013,REF
1014,971,REF
1015,1016,REF
1017,1003,REF
1018,971,REF
1019,1020,REF
1021,1013,REF
1022,1016,REF
1023,971,REF
1024,1016,REF
1025,971,REF
1026,1020,REF
1027,1013,REF
1028,971,REF
1029,971,REF
1030,971,REF
1031,1020,REF
1032,1013,REF
1033,1034,REF
1035,926,REF
1036,1037,REF
1038,1020,REF
1039,1020,REF
1040,1034,REF
1041,1020,REF
1042,1034,REF
1043,1044,REF
1045,1020,REF
1046,1034,REF
1047,1044,REF
1048,1037,REF
1049,1044,REF
1050,1037,REF
1051,1044,REF
1052,1037,REF
1053,1044,REF
1054,1016,REF
1055,1003,REF
1056,971,REF
1057,1020,REF
1058,1044,REF
1059,1016,REF
1060,1016,REF
1061,1044,REF
1062,1016,REF
1063,971,REF
1064,969,REF
1065,971,REF
1066,1020,REF
1067,1016,REF
1068,1044,REF
1069,1020,REF
1070,1016,REF
1071,971,REF
1072,1016,REF
1073,971,REF
1074,971,REF
1075,1016,REF
1076,1003,REF
1077,971,REF
1078,1020,REF
1079,1016,REF
1080,971,REF
1081,1016,REF
1082,971,REF
1083,969,REF
1084,971,REF
1085,1020,REF
1086,971,REF
1087,1003,REF
1088,1020,REF
1089,971,REF
1090,971,REF
1091,971,REF
1092,1020,REF
1093,1013,REF
1094,971,REF
1095,971,REF
1096,971,REF
1097,1020,REF
1098,1013,REF
1099,971,REF
1100,969,REF
1101,971,REF
1102,1020,REF
1103,969,REF
1104,1105,REF
1106,1105,REF
1107,1105,REF
1108,1109,REF
1110,1105,REF
1111,1105,REF
1112,1105,REF
1113,1105,REF
1114,1115,REF
1116,1117,REF
1118,1119,REF
1120,1121,REF
1122,1123,REF
1124,1123,REF
1125,1123,REF
1126,1127,REF
1128,926,REF
1129,1127,REF
1130,1123,REF
1131,1132,REF
1133,1134,REF
1135,1134,REF
1136,1137,REF
1138,1137,REF
1139,926,REF
1140,1123,REF
1141,1142,REF
1143,1144,REF
1145,1144,REF
1146,1144,REF
1147,1144,REF
1148,1144,REF
1149,926,REF
1150,1142,REF
1151,1144,REF
1152,926,REF
1153,1144,REF
1154,1155,REF
1156,1157,REF
1158,1157,REF
1159,1160,REF
1161,1155,REF
1162,1163,REF
1164,1165,REF
1166,1160,REF
1167,1165,REF
1168,1160,REF
1169,1155,REF
1170,1155,REF
1171,1172,REF
1173,1172,REF
1174,1175,REF
1176,1175,REF
1177,1172,REF
1178,1172,REF
1179,1180,REF
1181,1182,REF
1183,1184,REF
1185,1182,REF
1186,1180,REF
1187,1184,REF
1188,1189,REF
1190,1182,REF
1191,1184,REF
1192,1189,REF
1193,1194,REF
1195,1196,REF
1197,1196,REF
1198,1189,REF
1199,1200,REF
1201,1189,REF
1202,1189,REF
1203,1194,REF
1204,1205,REF
1206,1200,REF
1207,1172,REF
1208,1209,REF
1210,1180,REF
1211,1209,REF
1212,1184,REF
1213,1209,REF
1214,1215,REF
1216,1215,REF
1217,1194,REF
1218,1172,REF
1219,1220,REF
1221,1220,REF
1222,1220,REF
1223,1220,REF
1224,1220,REF
1225,1226,REF
1227,1228,REF
1229,1220,REF
1230,1220,REF
1231,1228,REF
1232,1226,REF
1233,1220,REF
1234,1220,REF
1235,1220,REF
1236,1220,REF
1237,1220,REF
1238,1228,REF
1239,1220,REF
1240,1241,REF
1242,1243,REF
1244,1245,REF
1246,1243,REF
1247,926,REF
1248,1245,REF
1249,1250,REF
1251,926,REF
1252,926,REF
1253,926,REF
1254,926,REF
1255,1241,REF
1256,1257,REF
1258,1259,REF
1260,1243,REF
1261,1259,REF
1262,1263,REF
1264,1263,REF
1265,926,REF
1266,1263,REF
1267,1241,REF
1268,1269,REF
1270,1271,REF
1272,1273,REF
1274,1275,REF
1276,1275,REF
1277,1278,REF
1279,1278,REF
1280,1271,REF
1281,1273,REF
1282,1283,REF
1284,1285,REF
1286,1283,REF
1287,1285,REF
1288,1285,REF
1289,1283,REF
1290,1283,REF
1291,1285,REF
1292,1283,REF
1293,1285,REF
1294,1283,REF
1295,1285,REF
1296,1283,REF
1297,1298,REF
1299,1283,REF
1300,1241,REF
1301,1302,REF
1303,1273,REF
1304,1302,REF
1305,1271,REF
1306,1302,REF
1307,1308,REF
1309,1269,REF
1310,1308,REF
1311,1283,REF
1312,1308,REF
1313,1269,REF
1314,1298,REF
1315,1298,REF
1316,1302,REF
1317,1318,REF
1319,1269,REF
1320,1318,REF
1321,1241,REF
1322,1241,REF
1323,1269,REF
1324,1325,REF
1326,1283,REF
1327,1241,REF
1328,1325,REF
1329,1330,REF
1331,1330,REF
1332,1330,REF
1333,1241,REF
1334,1335,REF
1336,1325,REF
1337,1241,REF
1338,1339,REF
1340,1339,REF
1341,1342,REF
1343,1342,REF
1344,1283,REF
1345,1346,REF
1347,1283,REF
1348,1342,REF
1349,1241,REF
1350,1241,REF
1351,1241,REF
1352,1353,REF
1354,1353,REF
1355,1356,REF
1357,1353,REF
1358,1353,REF
1359,1360,REF
1361,1356,REF
1362,1353,REF
1363,1353,REF
1364,1360,REF
1365,1366,REF
1367,1353,REF
1368,1353,REF
1369,1360,REF
1370,1366,REF
1371,1353,REF
1372,1353,REF
1373,1353,REF
1374,1353,REF
1375,1353,REF
1376,926,REF
1377,1366,REF
1378,1366,REF
1379,1353,REF
1380,1360,REF
1381,1353,REF
1382,1383,REF
1384,1383,REF
1385,1386,REF
1387,1386,REF
1388,1389,REF
1390,926,REF
1391,1386,REF
1392,1353,REF
1393,1353,REF
1394,1353,REF
1395,1360,REF
1396,1356,REF
1397,1360,REF
1398,1399,REF
1400,1360,REF
1401,1360,REF
1402,1399,REF
1403,1353,REF
1404,1360,REF
1405,1356,REF
1406,1353,REF
1407,1353,REF
1408,1353,REF
1409,1353,REF
1410,926,REF
1411,1360,REF
1412,1356,REF
1413,1353,REF
1414,926,REF
1415,1353,REF
1416,1353,REF
1417,926,REF
1418,1356,REF
1419,1360,REF
1420,1353,REF
1421,926,REF
1422,1353,REF
1423,1424,REF
1425,1424,REF
1426,1427,REF
1428,1424,REF
1429,1427,REF
1430,1427,REF
1431,1427,REF
1432,1424,REF
1433,1434,REF
1435,1436,REF
1437,1424,REF
1438,1439,REF
1440,1441,REF
1442,1441,REF
1443,1444,REF
1445,1444,REF
1446,1436,REF
1447,1444,REF
1448,1424,REF
1449,1450,REF
1451,1452,REF
1453,1452,REF
1454,1455,REF
1456,1450,REF
1457,1455,REF
1458,1450,REF
1459,1450,REF
1460,1450,REF
1461,1452,REF
1462,1450,REF
1463,1464,REF
1465,1466,REF
1467,1466,REF
1468,1464,REF
1469,1466,REF
1470,1464,REF
1471,1450,REF
1472,1473,REF
1474,1475,REF
1476,1450,REF
1477,1478,REF
1479,1478,REF
1480,1478,REF
1481,1482,REF
1483,1482,REF
1484,1482,REF
1485,1478,REF
1486,1482,REF
1487,1478,REF
1488,1489,REF
1490,1489,REF
1491,1489,REF
1492,1493,REF
1494,1495,REF
1496,1497,REF
1498,1495,REF
1499,1497,REF
1500,1489,REF
1501,1478,REF
1502,1503,REF
1504,1495,REF
1505,1503,REF
1506,1507,REF
1508,1493,REF
1509,1507,REF
1510,1478,REF
1511,1512,REF
1513,1512,REF
1514,1512,REF
1515,1516,REF
1517,1512,REF
1518,1519,REF
1520,1519,REF
1521,1522,REF
1523,1524,REF
1525,1522,REF
1526,1527,REF
1528,1529,REF
1530,1522,REF
1531,1529,REF
1532,1522,REF
1533,1522,REF
1534,1535,REF
1536,1524,REF
1537,1527,REF
1538,1512,REF
1539,1540,REF
1541,1512,REF
1542,1543,REF
1544,1543,REF
1545,1543,REF
1546,1543,REF
1547,1548,REF
1549,1548,REF
1550,1543,REF
1551,1548,REF
1552,1553,REF
1554,1555,REF
1556,1548,REF
1557,1555,REF
1558,1555,REF
1559,1555,REF
1560,1555,REF
1561,1562,REF
1563,1555,REF
1564,1562,REF
1565,1566,REF
1567,1562,REF
1568,1566,REF
1569,1566,REF
1570,1566,REF
1571,1566,REF
1572,1573,REF
1574,1566,REF
1575,1573,REF
1576,1566,REF
1577,1573,REF
1578,1573,REF
1579,1553,REF
1580,1573,REF
1581,1582,REF
1583,1584,REF
1585,1543,REF
1586,1584,REF
1587,1584,REF
1588,1584,REF
1589,1584,REF
1590,1591,REF
1592,1584,REF
1593,1591,REF
1594,1553,REF
1595,1591,REF
1596,1597,REF
1598,1599,REF
1600,1591,REF
1601,1599,REF
1602,1599,REF
1603,1599,REF
1604,1605,REF
1606,1607,REF
1608,1607,REF
1609,1610,REF
1611,1610,REF
1612,1599,REF
1613,1610,REF
1614,1553,REF
1615,1597,REF
1616,1573,REF
1617,1553,REF
1618,1597,REF
1619,1605,REF
1620,1621,REF
1622,1573,REF
1623,1582,REF
1624,1605,REF
1625,1543,REF
1626,1627,REF
1628,1553,REF
1629,1627,REF
1630,1627,REF
1631,1632,REF
1633,1632,REF
1634,1543,REF
1635,1636,REF
1637,1543,REF
1638,1639,REF
1640,1639,REF
1641,1543,REF
1642,1643,REF
1644,1643,REF
1645,1582,REF
1646,1543,REF
1647,1648,REF
1649,1648,REF
1650,1651,REF
1652,1651,REF
1653,1654,REF
1655,1656,REF
1657,1651,REF
1658,1656,REF
1659,1656,REF
1660,1656,REF
1661,1656,REF
1662,1656,REF
1663,1664,REF
1665,1666,REF
1667,1664,REF
1668,1648,REF
1669,1666,REF
1670,1671,REF
1672,1673,REF
1674,1666,REF
1675,1673,REF
1676,1673,REF
1677,1673,REF
1678,1679,REF
1680,1681,REF
1682,1681,REF
1683,1684,REF
1685,1684,REF
1686,1673,REF
1687,1684,REF
1688,1648,REF
1689,1671,REF
1690,1679,REF
1691,1692,REF
1693,1648,REF
1694,1671,REF
1695,1654,REF
1696,1679,REF
1697,1679,REF
1698,1699,REF
1700,1699,REF
1701,1654,REF
1702,1648,REF
1703,1679,REF
1704,1648,REF
1705,1706,REF
1707,1706,REF
1708,1709,REF
1710,1709,REF
1711,1712,REF
1713,1712,REF
1714,1715,REF
1716,1712,REF
1717,1718,REF
1719,1718,REF
1720,1721,REF
1722,1718,REF
1723,1724,REF
1725,1726,REF
1727,1728,REF
1729,1728,REF
1730,1731,REF
1732,1733,REF
1734,1733,REF
1735,1731,REF
1736,1737,REF
1738,1739,REF
1740,1739,REF
1741,1739,REF
1742,1739,REF
1743,1744,REF
1745,1731,REF
1746,1747,REF
1748,1749,REF
1750,1744,REF
1751,1752,REF
1753,1731,REF
1754,1744,REF
1755,1756,REF
1757,1758,REF
1759,1744,REF
1760,1758,REF
1761,1731,REF
1762,1747,REF
1763,1749,REF
1764,1765,REF
1766,1747,REF
1767,1749,REF
1768,1765,REF
1769,1739,REF
1770,1765,REF
1771,1772,REF
1773,1756,REF
1774,1747,REF
1775,1765,REF
1776,1772,REF
1777,1772,REF
1778,1772,REF
1779,1752,REF
1780,1772,REF
1781,1772,REF
1782,1752,REF
1783,1772,REF
1784,1772,REF
1785,1772,REF
1786,1739,REF
1787,1739,REF
1788,1789,REF
1790,1731,REF
1791,1772,REF
1792,1793,REF
1794,1789,REF
1795,1747,REF
1796,1737,REF
1797,1793,REF
1798,1737,REF
1799,1772,REF
1800,1747,REF
1801,1731,REF
1802,1731,REF
1803,1772,REF
1804,1772,REF
1805,1789,REF
1806,1731,REF
1807,1752,REF
1808,1793,REF
1809,1789,REF
1810,1747,REF
1811,1737,REF
1812,1793,REF
1813,1731,REF
1814,1731,REF
1815,1752,REF
1816,1793,REF
1817,1731,REF
1818,1747,REF
1819,1737,REF
1820,1793,REF
1821,1737,REF
1822,1823,REF
1824,1737,REF
1825,1823,REF
1826,1823,REF
1827,1823,REF
1828,1737,REF
1829,1830,REF
1831,1832,REF
1833,1834,REF
1835,1832,REF
1836,1830,REF
1837,1838,REF
1839,1840,REF
1841,1842,REF
1843,1840,REF
1844,1845,REF
1846,1834,REF
1847,1848,REF
1849,1830,REF
1850,1851,REF
1852,1853,REF
1854,1851,REF
1855,1851,REF
1856,1851,REF
1857,1853,REF
1858,1859,REF
1860,1834,REF
1861,1859,REF
1862,1834,REF
1863,1834,REF
1864,1865,REF
1866,1859,REF
1867,1865,REF
1868,1869,REF
1870,1869,REF
1871,1834,REF
1872,1873,REF
1874,1875,REF
1876,1873,REF
1877,1873,REF
1878,1879,REF
1880,1875,REF
1881,1879,REF
1882,1883,REF
1884,1885,REF
1886,1883,REF
1887,1883,REF
1888,1885,REF
1889,1885,REF
1890,1891,REF
1892,1883,REF
1893,1891,REF
1894,1895,REF
1896,1895,REF
1897,1883,REF
1898,1895,REF
1899,1900,REF
1901,1885,REF
1902,1903,REF
1904,1905,REF
1906,1903,REF
1907,1903,REF
1908,1905,REF
1909,1910,REF
1911,1905,REF
1912,1903,REF
1913,1914,REF
1915,1916,REF
1917,1910,REF
1918,1905,REF
1919,1903,REF
1920,1914,REF
1921,1916,REF
1922,1923,REF
1924,1914,REF
1925,1923,REF
1926,1927,REF
1928,1916,REF
1929,1927,REF
1930,1931,REF
1932,1931,REF
1933,1914,REF
1934,1931,REF
1935,1936,REF
1937,1936,REF
1938,1939,REF
1940,1941,REF
1942,1943,REF
1944,1936,REF
1945,1941,REF
1946,1947,REF
1948,1947,REF
1949,1947,REF
1950,1947,REF
1951,1952,REF
1953,1947,REF
1954,1955,REF
1956,1952,REF
1957,1958,REF
1959,1960,REF
1961,1952,REF
1962,1960,REF
1963,1964,REF
1965,1964,REF
1966,1967,REF
1968,1952,REF
1969,1967,REF
1970,1952,REF
1971,1964,REF
1972,1958,REF
1973,1952,REF
1974,1958,REF
1975,1958,REF
1976,1977,REF
1978,1979,REF
1980,1979,REF
1981,1982,REF
1983,1982,REF
1984,1982,REF
1985,1979,REF
1986,1987,REF
1988,1987,REF
1989,1979,REF
1990,1991,REF
1992,1991,REF
1993,1994,REF
1995,1996,REF
1997,1998,REF
1999,1996,REF
2000,2001,REF
2002,1977,REF
2003,2001,REF
2004,1994,REF
2005,2001,REF
2006,1996,REF
2007,1996,REF
2008,1994,REF
2009,1996,REF
2010,2001,REF
2011,1977,REF
2012,2001,REF
2013,2001,REF
2014,1977,REF
2015,2001,REF
2016,1994,REF
2017,2001,REF
2018,1996,REF
2019,2001,REF
2020,2021,REF
2022,2001,REF
2023,2001,REF
2024,1977,REF
2025,2021,REF
2026,2021,REF
2027,1994,REF
2028,2001,REF
2029,2021,REF
2030,1977,REF
2031,2032,REF
2033,2021,REF
2034,2035,REF
2036,2032,REF
2037,2021,REF
2038,1977,REF
2039,2035,REF
2040,1977,REF
2041,2035,REF
2042,2043,REF
2044,1994,REF
2045,2043,REF
2046,1977,REF
2047,2048,REF
2049,2048,REF
2050,2051,REF
2052,2051,REF
2053,2051,REF
2054,2055,REF
2056,2057,REF
2058,2059,REF
2060,2055,REF
2061,2057,REF
2062,2055,REF
2063,2051,REF
2064,2051,REF
2065,2055,REF
2066,2067,REF
2068,2069,REF
2070,2055,REF
2071,2067,REF
2072,2055,REF
2073,2051,REF
2074,2048,REF
2075,2051,REF
2076,2055,REF
2077,2078,REF
2079,2080,REF
2081,2055,REF
2082,2078,REF
2083,2055,REF
2084,2085,REF
2086,2085,REF
2087,2085,REF
2088,2089,REF
2090,2091,REF
2092,2093,REF
2094,2089,REF
2095,2091,REF
2096,2089,REF
2097,2098,REF
2099,2098,REF
2100,2098,REF
2101,2102,REF
2103,2104,REF
2105,2102,REF
2106,2104,REF
2107,2108,REF
2109,2108,REF
2110,2111,REF
2112,2111,REF
2113,2102,REF
2114,2111,REF
2115,2116,REF
2117,2118,REF
2119,2118,REF
2120,2118,REF
2121,2118,REF
2122,2123,REF
2124,2125,REF
2126,2123,REF
2127,2128,REF
2129,2130,REF
2131,2123,REF
2132,2130,REF
2133,2123,REF
2134,2130,REF
2135,2136,REF
2137,2136,REF
2138,2125,REF
2139,2136,REF
2140,2141,REF
2142,2125,REF
2143,2128,REF
2144,2145,REF
2146,2145,REF
2147,2148,REF
2149,2150,REF
2151,2148,REF
2152,2153,REF
2154,2148,REF
2155,2153,REF
2156,2157,REF
2158,2157,REF
2159,2150,REF
2160,2157,REF
2161,2162,REF
2163,2150,REF
2164,2165,REF
2166,2167,REF
2168,2169,REF
2170,2165,REF
2171,2169,REF
2172,2173,REF
2174,2173,REF
2175,2173,REF
2176,2173,REF
2177,2178,REF
2179,2173,REF
2180,2181,REF
2182,2173,REF
2183,2173,REF
2184,2185,REF
2186,2178,REF
2187,2173,REF
2188,2181,REF
2189,2173,REF
2190,2185,REF
2191,2173,REF
2192,2173,REF
2193,2185,REF
2194,2181,REF
2195,2173,REF
2196,2197,REF
2198,2178,REF
2199,2185,REF
2200,2173,REF
2201,2173,REF
2202,2197,REF
2203,2173,REF
2204,2173,REF
2205,2206,REF
2207,2208,REF
2209,2206,REF
2210,2211,REF
2212,2208,REF
2213,2214,REF
2215,2216,REF
2217,2214,REF
2218,2219,REF
2220,2216,REF
2221,2222,REF
2223,2224,REF
2225,2222,REF
2226,2222,REF
2227,2222,REF
2228,2224,REF
2229,2222,REF
2230,2231,REF
2232,2222,REF
2233,2222,REF
2234,2224,REF
2235,2222,REF
2236,2231,REF
2237,2222,REF
2238,2239,REF
2240,2239,REF
2241,2242,REF
2243,2239,REF
2244,2245,REF
2246,2239,REF
2247,2239,REF
2248,2242,REF
2249,2239,REF
2250,2245,REF
2251,2239,REF
2252,2242,REF
2253,2239,REF
2254,2239,REF
2255,2256,REF
2257,2239,REF
2258,2256,REF
2259,2239,REF
2260,2239,REF
2261,2262,REF
2263,2239,REF
2264,2265,REF
2266,2256,REF
2267,2268,REF
2269,2239,REF
2270,2268,REF
2271,2239,REF
2272,2239,REF
2273,2274,REF
2275,2239,REF
2276,2277,REF
2278,2268,REF
2279,2280,REF
2281,2282,REF
2283,2282,REF
2284,2280,REF
2285,2282,REF
2286,2282,REF
2287,2280,REF
2288,2289,REF
2290,2282,REF
2291,2292,REF
2293,2289,REF
2294,2292,REF
2295,2282,REF
2296,2282,REF
2297,2282,REF
2298,2299,REF
2300,2301,REF
2302,2282,REF
2303,2301,REF
2304,2301,REF
2305,2292,REF
2306,2299,REF
2307,2301,REF
2308,2309,REF
2310,2311,REF
2312,2282,REF
2313,2167,REF
2314,2282,REF
2315,2282,REF
2316,2167,REF
2317,2282,REF
2318,2319,REF
2320,2282,REF
2321,2282,REF
2322,2311,REF
2323,2280,REF
2324,2319,REF
2325,2326,REF
2327,2167,REF
2328,2282,REF
2329,2282,REF
2330,2326,REF
2331,2292,REF
2332,2289,REF
2333,2282,REF
2334,2292,REF
2335,2282,REF
2336,2280,REF
2337,2282,REF
2338,2292,REF
2339,2282,REF
2340,2280,REF
2341,2311,REF
2342,2292,REF
2343,2167,REF
2344,2309,REF
2345,2292,REF
2346,2167,REF
2347,2292,REF
2348,2289,REF
2349,2282,REF
2350,2289,REF
2351,2292,REF
2352,2292,REF
2353,2354,REF
2355,2356,REF
2357,2358,REF
2359,2282,REF
2360,2358,REF
2361,2282,REF
2362,2282,REF
2363,2364,REF
2365,2282,REF
2366,2282,REF
2367,2282,REF
2368,2356,REF
2369,2356,REF
2370,2356,REF
2371,2364,REF
2372,2354,REF
2373,2356,REF
2374,2282,REF
2375,2376,REF
2377,2356,REF
2378,2364,REF
2379,2354,REF
2380,2356,REF
2381,2354,REF
2382,2358,REF
2383,2384,REF
2385,2386,REF
2387,2384,REF
2388,2358,REF
2389,2358,REF
2390,2358,REF
2391,2358,REF
2392,2358,REF
2393,2394,REF
2395,2396,REF
2397,2398,REF
2399,2400,REF
2401,2402,REF
2403,2400,REF
2404,2405,REF
2406,2398,REF
2407,2402,REF
2408,2409,REF
2410,2398,REF
2411,2402,REF
2412,2400,REF
2413,2394,REF
2414,2415,REF
2416,2405,REF
2417,2418,REF
2419,2282,REF
2420,2418,REF
2421,2282,REF
2422,2394,REF
2423,2282,REF
2424,2398,REF
2425,2409,REF
2426,2394,REF
2427,2428,REF
2429,2398,REF
2430,2394,REF
2431,2432,REF
2433,2434,REF
2435,2436,REF
2437,2432,REF
2438,2439,REF
2440,2441,REF
2442,2443,REF
2444,2443,REF
2445,2446,REF
2447,2446,REF
2448,2446,REF
2449,2441,REF
2450,2446,REF
2451,2446,REF
2452,2446,REF
2453,2441,REF
2454,2446,REF
2455,2456,REF
2457,2446,REF
2458,2446,REF
2459,2460,REF
2461,2462,REF
2463,2446,REF
2464,2462,REF
2465,2439,REF
2466,2460,REF
2467,2446,REF
2468,2460,REF
2469,2460,REF
2470,2471,REF
2472,2446,REF
2473,2460,REF
2474,2446,REF
2475,2476,REF
2477,2478,REF
2479,2476,REF
2480,2478,REF
2481,2482,REF
2483,2484,REF
2485,2478,REF
2486,2487,REF
2488,2482,REF
2489,2482,REF
2490,2484,REF
2491,2482,REF
2492,2484,REF
2493,2482,REF
2494,2495,REF
2496,2497,REF
2498,2499,REF
2500,2501,REF
2502,2499,REF
2503,2504,REF
2505,2504,REF
2506,2499,REF
2507,2501,REF
2508,2509,REF
2510,2511,REF
2512,2513,REF
2514,2509,REF
2515,2511,REF
2516,2513,REF
2517,2518,REF
2519,2509,REF
2520,2511,REF
2521,2513,REF
2522,2518,REF
2523,2518,REF
2524,21723,REF
2571,2529,REF
2650,705,REF
2664,723,REF
2677,726,REF
2686,730,REF
2707,733,REF
2716,739,REF
2725,742,REF
2734,745,REF
2743,748,REF
2752,751,REF
2761,754,REF
2770,757,REF
2779,760,REF
2788,763,REF
2797,766,REF
2806,769,REF
2819,772,REF
2828,776,REF
2837,779,REF
2846,782,REF
2855,785,REF
2864,788,REF
2873,791,REF
2882,794,REF
2883,721,REF
2893,796,REF
2907,800,REF
2916,803,REF
2925,806,REF
2934,809,REF
2951,812,REF
2960,817,REF
2969,820,REF
2978,823,REF
2987,826,REF
2996,829,REF
2997,798,REF
3009,3008,REF
3087,831,REF
3101,850,REF
3115,853,REF
3178,856,REF
3344,870,REF
3367,3362,REF
3379,928,REF
3445,3439,REF
3453,3440,REF
3456,3440,REF
3461,3440,REF
3465,3440,REF
3535,1005,REF
3587,3441,REF
3593,3441,REF
3598,3441,REF
3602,3441,REF
3609,3442,REF
3612,3442,REF
3617,3442,REF
3621,3442,REF
3745,1109,REF
3756,3724,REF
3831,1137,REF
3832,1134,REF
3833,1132,REF
3929,1165,REF
3930,1163,REF
4029,1196,REF
4048,1205,REF
4068,1215,REF
4069,1209,REF
4222,1263,REF
4223,1259,REF
4224,1257,REF
4251,1275,REF
4261,1278,REF
4345,1308,REF
4357,4231,REF
4358,1318,REF
4359,1302,REF
4417,1335,REF
4448,1346,REF
4450,4232,REF
4455,1342,REF
4456,1339,REF
4601,1389,REF
4606,1386,REF
4607,1383,REF
4719,4710,REF
4727,4710,REF
4732,4710,REF
4737,4710,REF
4796,1444,REF
4797,1441,REF
4798,1439,REF
4887,1475,REF
4888,1473,REF
4997,1507,REF
4998,1503,REF
5068,1529,REF
5081,5029,REF
5082,1540,REF
5166,5089,REF
5181,5090,REF
5184,5090,REF
5189,5090,REF
5193,5090,REF
5231,5091,REF
5256,5092,REF
5260,5092,REF
5265,5092,REF
5271,5092,REF
5296,1610,REF
5297,1607,REF
5314,1621,REF
5340,5093,REF
5341,1632,REF
5342,1627,REF
5354,1636,REF
5370,5094,REF
5371,1639,REF
5390,1643,REF
5426,5397,REF
5448,5398,REF
5452,5398,REF
5457,5398,REF
5463,5398,REF
5488,1684,REF
5489,1681,REF
5510,1692,REF
5522,1699,REF
5570,1712,REF
5571,1709,REF
5572,1706,REF
5622,1733,REF
5626,5607,REF
5631,5608,REF
5654,1758,REF
5658,5609,REF
5664,5609,REF
5669,5609,REF
5673,5609,REF
5772,5610,REF
5776,5610,REF
5781,5610,REF
5786,5610,REF
5816,5805,REF
5817,1832,REF
5838,1842,REF
5847,1845,REF
5848,1840,REF
5901,1869,REF
5902,1865,REF
5975,1900,REF
5976,1895,REF
5977,1891,REF
6057,1931,REF
6058,1927,REF
6059,1923,REF
6092,1943,REF
6097,1941,REF
6173,1967,REF
6180,1964,REF
6181,1960,REF
6227,1982,REF
6240,1987,REF
6257,1991,REF
6258,1979,REF
6381,2043,REF
6427,2059,REF
6434,2057,REF
6459,2069,REF
6466,2067,REF
6496,2080,REF
6503,2078,REF
6547,2093,REF
6554,2091,REF
6616,2111,REF
6617,2108,REF
6618,2104,REF
6704,2141,REF
6705,2136,REF
6706,2130,REF
6757,2162,REF
6758,2157,REF
6759,2153,REF
6790,6774,REF
6853,2206,REF
6868,2214,REF
6937,6933,REF
6941,6933,REF
6946,6933,REF
6951,6933,REF
6964,6960,REF
6968,6960,REF
6973,6960,REF
6978,6960,REF
7017,6987,REF
7023,6987,REF
7028,6987,REF
7034,6987,REF
7159,7149,REF
7162,7149,REF
7167,7149,REF
7171,7149,REF
7244,7240,REF
7273,2415,REF
7277,7241,REF
7280,7241,REF
7285,7241,REF
7289,7241,REF
7300,2428,REF
7326,2443,REF
7357,7313,REF
7363,7313,REF
7368,7313,REF
7374,7313,REF
7402,7398,REF
7407,7398,REF
7412,7398,REF
7416,7398,REF
7489,7477,REF
7492,7477,REF
7493,7477,REF
7501,7502,REF
7503,7502,REF
7504,7505,REF
7506,7507,REF
7508,7507,REF
7509,7507,REF
7510,7507,REF
7511,7512,REF
7513,7512,REF
7514,7505,REF
7515,7516,REF
7517,7505,REF
7518,7516,REF
7519,7520,REF
7521,7522,REF
7523,7520,REF
7524,7522,REF
7525,7526,REF
7527,7528,REF
7529,7530,REF
7531,7532,REF
7533,7534,REF
7535,7526,REF
7536,7534,REF
7537,7534,REF
7538,7530,REF
7539,7534,REF
7540,7528,REF
7541,7534,REF
7542,7520,REF
7543,7534,REF
7544,7522,REF
7545,7516,REF
7546,7516,REF
7547,7516,REF
7548,7549,REF
7550,7549,REF
7551,7549,REF
7552,7553,REF
7554,7555,REF
7556,7555,REF
7557,7558,REF
7559,7516,REF
7560,7516,REF
7561,7516,REF
7562,7563,REF
7564,7563,REF
7565,7566,REF
7567,7566,REF
7568,7532,REF
7569,7570,REF
7571,7570,REF
7572,7570,REF
7573,7574,REF
7575,7576,REF
7577,7576,REF
7578,7576,REF
7579,7576,REF
7580,7576,REF
7581,7576,REF
7582,7574,REF
7583,7516,REF
7584,7512,REF
7585,7512,REF
7586,7516,REF
7587,7516,REF
7588,7516,REF
7589,7590,REF
7591,7520,REF
7592,7520,REF
7593,7590,REF
7594,7520,REF
7595,7596,REF
7597,7596,REF
7598,7516,REF
7599,7516,REF
7600,7601,REF
7602,7603,REF
7604,7605,REF
7606,7605,REF
7607,7608,REF
7609,7603,REF
7610,7601,REF
7611,7608,REF
7612,7601,REF
7613,7614,REF
7615,7614,REF
7616,7614,REF
7617,7614,REF
7618,7619,REF
7620,7621,REF
7622,7621,REF
7623,7621,REF
7624,7621,REF
7625,7626,REF
7627,7628,REF
7629,7626,REF
7630,7628,REF
7631,7626,REF
7632,7633,REF
7634,7633,REF
7635,7633,REF
7636,7637,REF
7638,7637,REF
7639,7637,REF
7640,7633,REF
7641,7642,REF
7643,7642,REF
7644,7642,REF
7645,7633,REF
7646,7647,REF
7648,7647,REF
7649,7647,REF
7650,7633,REF
7651,7652,REF
7653,7652,REF
7654,7652,REF
7655,7633,REF
7656,7657,REF
7658,7657,REF
7659,7657,REF
7660,7633,REF
7661,7633,REF
7662,7663,REF
7664,7663,REF
7665,7663,REF
7666,7633,REF
7667,7668,REF
7669,7668,REF
7670,7668,REF
7671,7633,REF
7672,7673,REF
7674,7673,REF
7675,7673,REF
7676,7633,REF
7677,7678,REF
7679,7678,REF
7680,7678,REF
7681,7633,REF
7682,7683,REF
7684,7683,REF
7685,7683,REF
7686,7633,REF
7687,7688,REF
7689,7688,REF
7690,7688,REF
7691,7633,REF
7692,7693,REF
7694,7693,REF
7695,7693,REF
7696,7633,REF
7697,7698,REF
7699,7698,REF
7700,7698,REF
7701,7633,REF
7702,7703,REF
7704,7703,REF
7705,7703,REF
7706,7633,REF
7707,7708,REF
7709,7708,REF
7710,7708,REF
7711,7633,REF
7712,7713,REF
7714,7713,REF
7715,7713,REF
7716,7633,REF
7717,7718,REF
7719,7718,REF
7720,7718,REF
7721,7633,REF
7722,7723,REF
7724,7723,REF
7725,7723,REF
7726,7633,REF
7727,7728,REF
7729,7728,REF
7730,7728,REF
7731,7633,REF
7732,7733,REF
7734,7733,REF
7735,7733,REF
7736,7633,REF
7737,7738,REF
7739,7738,REF
7740,7738,REF
7741,7633,REF
7742,7633,REF
7743,7744,REF
7745,7744,REF
7746,7744,REF
7747,7633,REF
7748,7749,REF
7750,7749,REF
7751,7749,REF
7752,7633,REF
7753,7754,REF
7755,7754,REF
7756,7754,REF
7757,7633,REF
7758,7633,REF
7759,7760,REF
7761,7760,REF
7762,7760,REF
7763,7764,REF
7765,7633,REF
7766,7767,REF
7768,7633,REF
7769,7767,REF
7770,7771,REF
7772,7767,REF
7773,7774,REF
7775,7767,REF
7776,7774,REF
7777,7778,REF
7779,7774,REF
7780,7781,REF
7782,7783,REF
7784,7774,REF
7785,7771,REF
7786,7778,REF
7787,7783,REF
7788,7774,REF
7789,7764,REF
7790,7771,REF
7791,7792,REF
7793,7792,REF
7794,7792,REF
7795,7792,REF
7796,7792,REF
7797,7798,REF
7799,7792,REF
7800,7792,REF
7801,7802,REF
7803,7804,REF
7805,7806,REF
7807,7806,REF
7808,7806,REF
7809,7806,REF
7810,7811,REF
7812,7811,REF
7813,7798,REF
7814,7792,REF
7815,7802,REF
7816,7804,REF
7817,7781,REF
7818,7811,REF
7819,7781,REF
7820,7811,REF
7821,7781,REF
7822,7811,REF
7823,7781,REF
7824,7811,REF
7825,7781,REF
7826,7764,REF
7827,7781,REF
7828,7806,REF
7829,7811,REF
7830,7831,REF
7832,7831,REF
7833,7834,REF
7835,7834,REF
7836,7837,REF
7838,7839,REF
7840,7839,REF
7841,7839,REF
7842,7837,REF
7843,7844,REF
7845,7846,REF
7847,7848,REF
7849,7844,REF
7850,7846,REF
7851,7852,REF
7853,7854,REF
7855,7852,REF
7856,7857,REF
7858,7857,REF
7859,7857,REF
7860,7861,REF
7862,7857,REF
7863,7857,REF
7864,7857,REF
7865,7861,REF
7866,7857,REF
7867,7861,REF
7868,7516,REF
7869,7857,REF
7870,7871,REF
7872,7873,REF
7874,7857,REF
7875,7876,REF
7877,7516,REF
7878,7516,REF
7879,7516,REF
7880,7516,REF
7881,7876,REF
7882,7516,REF
7883,7861,REF
7884,7871,REF
7885,7516,REF
7886,7516,REF
7887,7516,REF
7888,7516,REF
7889,7516,REF
7890,7891,REF
7892,7891,REF
7893,7871,REF
7894,7891,REF
7895,7871,REF
7896,7857,REF
7897,7857,REF
7898,7516,REF
7899,7900,REF
7901,7516,REF
7902,7873,REF
7903,7900,REF
7904,7873,REF
7905,7906,REF
7907,7908,REF
7909,7910,REF
7911,7912,REF
7913,7908,REF
7914,7915,REF
7916,7917,REF
7918,7910,REF
7919,7920,REF
7921,7917,REF
7922,7923,REF
7924,7917,REF
7925,7920,REF
7926,7917,REF
7927,7923,REF
7928,7917,REF
7929,7915,REF
7930,7920,REF
7931,7923,REF
7932,7915,REF
7933,7516,REF
7934,7516,REF
7935,7516,REF
7936,7937,REF
7938,7939,REF
7940,7939,REF
7941,7942,REF
7943,7944,REF
7945,7944,REF
7946,7947,REF
7948,7949,REF
7950,7951,REF
7952,7953,REF
7954,7955,REF
7956,7957,REF
7958,7959,REF
7960,7961,REF
7962,7963,REF
7964,7965,REF
7966,7967,REF
7968,7969,REF
7970,7971,REF
7972,7516,REF
7973,7516,REF
7974,7516,REF
7975,7976,REF
7977,7951,REF
7978,7951,REF
7979,7980,REF
7981,7953,REF
7982,7953,REF
7983,7984,REF
7985,7986,REF
7987,7532,REF
7988,7989,REF
7990,7516,REF
7991,7992,REF
7993,7516,REF
7994,7995,REF
7996,7516,REF
7997,7998,REF
7999,7516,REF
8000,8001,REF
8002,7516,REF
8003,21723,REF
8056,7507,REF
8135,7534,REF
8172,8161,REF
8278,7576,REF
8358,7605,REF
8386,8373,REF
8442,8433,REF
8447,8434,REF
8468,7637,REF
8486,7642,REF
8504,7647,REF
8523,7652,REF
8541,7657,REF
8549,8435,REF
8567,7663,REF
8585,7668,REF
8603,7673,REF
8621,7678,REF
8639,7683,REF
8657,7688,REF
8675,7693,REF
8693,7698,REF
8711,7703,REF
8729,7708,REF
8747,7713,REF
8765,7718,REF
8783,7723,REF
8801,7728,REF
8824,7733,REF
8842,7738,REF
8847,8436,REF
8868,7744,REF
8886,7749,REF
8904,7754,REF
8912,8437,REF
8930,7760,REF
8936,8438,REF
8939,8438,REF
8944,8438,REF
8948,8438,REF
8955,8439,REF
8958,8439,REF
8963,8439,REF
8967,8439,REF
9323,9271,REF
9326,9271,REF
9347,9271,REF
9392,9272,REF
9395,9272,REF
9396,9272,REF
9743,9744,REF
9745,9746,REF
9747,9748,REF
9749,9750,REF
9751,9752,REF
9753,9754,REF
9755,9752,REF
9756,9757,REF
9758,9752,REF
9759,9760,REF
9761,9762,REF
9763,9764,REF
9765,9766,REF
9767,9766,REF
9768,9766,REF
9769,9750,REF
9770,9771,REF
9772,9762,REF
9773,9774,REF
9775,9748,REF
9776,9771,REF
9777,9774,REF
9778,9779,REF
9780,21723,REF
9810,9752,REF
9829,9766,REF
9830,9764,REF
9857,9858,REF
9859,9858,REF
9860,9858,REF
9861,9862,REF
9863,9862,REF
9864,21723,REF
9907,9908,REF
9909,9910,REF
9911,9910,REF
9912,9910,REF
9913,9910,REF
9914,9910,REF
9915,9910,REF
9916,9910,REF
9917,21723,REF
9936,9908,REF
9989,9990,REF
9991,9990,REF
9992,9990,REF
9993,9990,REF
9994,9990,REF
9995,9996,REF
9997,9998,REF
9999,10000,REF
10001,10000,REF
10002,10000,REF
10003,9998,REF
10004,10005,REF
10006,10005,REF
10007,10005,REF
10008,9998,REF
10009,10010,REF
10011,10010,REF
10012,10010,REF
10013,9998,REF
10014,10015,REF
10016,10015,REF
10017,10015,REF
10018,10019,REF
10020,10021,REF
10022,10021,REF
10023,10019,REF
10024,9996,REF
10025,10019,REF
10026,10027,REF
10028,9996,REF
10029,10019,REF
10030,10031,REF
10032,10027,REF
10033,9996,REF
10034,10019,REF
10035,10036,REF
10037,10031,REF
10038,10031,REF
10039,10036,REF
10040,10041,REF
10042,9996,REF
10043,10044,REF
10045,9996,REF
10046,10044,REF
10047,10048,REF
10049,10044,REF
10050,10019,REF
10051,10041,REF
10052,10048,REF
10053,10044,REF
10054,9996,REF
10055,10044,REF
10056,10041,REF
10057,10041,REF
10058,9990,REF
10059,10041,REF
10060,10031,REF
10061,9990,REF
10062,21723,REF
10084,10083,REF
10119,10000,REF
10136,10005,REF
10153,10010,REF
10170,10015,REF
10171,9998,REF
10207,10205,REF
10210,10205,REF
10211,10205,REF
10219,10261,REF
10223,10261,REF
10228,10261,REF
10232,10261,REF
10262,10263,REF
10264,10265,REF
10266,10267,REF
10268,10265,REF
10269,10267,REF
10270,10271,REF
10272,10267,REF
10273,10274,REF
10275,10263,REF
10276,10274,REF
10277,10274,REF
10278,10274,REF
10279,10280,REF
10281,10280,REF
10282,10280,REF
10283,10274,REF
10284,10285,REF
10286,10263,REF
10287,10285,REF
10288,10285,REF
10289,10285,REF
10290,10280,REF
10291,10280,REF
10292,10280,REF
10293,10285,REF
10294,10285,REF
10295,10285,REF
10296,10297,REF
10298,10299,REF
10300,10301,REF
10302,10280,REF
10303,10297,REF
10304,10301,REF
10305,10297,REF
10306,10274,REF
10307,10285,REF
10308,10301,REF
10309,10280,REF
10310,10297,REF
10311,10280,REF
10312,10280,REF
10313,10314,REF
10315,10314,REF
10316,10301,REF
10317,10301,REF
10318,10274,REF
10319,10274,REF
10320,10321,REF
10322,10321,REF
10323,21723,REF
10339,10338,REF
10528,21723,REF
10544,10543,REF
10557,10558,REF
10559,21723,REF
10578,10558,REF
10581,10582,REF
10583,10584,REF
10585,10584,REF
10586,10584,REF
10587,10584,REF
10588,10584,REF
10589,10590,REF
10591,10592,REF
10593,10594,REF
10595,10596,REF
10597,10598,REF
10599,10592,REF
10600,10598,REF
10601,10598,REF
10602,10598,REF
10603,10598,REF
10604,10598,REF
10605,10598,REF
10606,10607,REF
10608,10609,REF
10610,10611,REF
10612,10611,REF
10613,10611,REF
10614,10611,REF
10615,10598,REF
10616,10617,REF
10618,10617,REF
10619,10617,REF
10620,10617,REF
10621,10598,REF
10622,10623,REF
10624,10598,REF
10625,10623,REF
10626,10609,REF
10627,10598,REF
10628,10607,REF
10629,10598,REF
10630,10623,REF
10631,10598,REF
10632,10584,REF
10633,10590,REF
10634,10609,REF
10635,10607,REF
10636,10584,REF
10637,21723,REF
10656,10582,REF
10720,10794,REF
10738,10617,REF
10741,10794,REF
10746,10794,REF
10750,10794,REF
10795,10796,REF
10797,10796,REF
10798,10796,REF
10799,10796,REF
10800,10796,REF
10801,10802,REF
10803,10804,REF
10805,10806,REF
10807,10804,REF
10808,10806,REF
10809,10810,REF
10811,10806,REF
10812,10813,REF
10814,10813,REF
10815,10816,REF
10817,10813,REF
10818,10816,REF
10819,10813,REF
10820,10816,REF
10821,10796,REF
10822,10823,REF
10824,10825,REF
10826,10827,REF
10828,10829,REF
10830,10831,REF
10832,10833,REF
10834,10835,REF
10836,10837,REF
10838,10839,REF
10840,10841,REF
10842,10816,REF
10843,10844,REF
10845,10846,REF
10847,10848,REF
10849,10850,REF
10851,10852,REF
10853,10854,REF
10855,10856,REF
10857,10858,REF
10859,10796,REF
10860,21723,REF
10876,10875,REF
11008,11009,REF
11010,11009,REF
11011,11012,REF
11013,11014,REF
11015,11016,REF
11017,11016,REF
11018,11014,REF
11019,11020,REF
11021,11022,REF
11023,11020,REF
11024,11022,REF
11025,11014,REF
11026,11027,REF
11028,11027,REF
11029,11014,REF
11030,11014,REF
11031,11032,REF
11033,11032,REF
11034,11014,REF
11035,11036,REF
11037,11022,REF
11038,11022,REF
11039,11022,REF
11040,11014,REF
11041,11042,REF
11043,11036,REF
11044,11042,REF
11045,11042,REF
11046,11047,REF
11048,11047,REF
11049,11050,REF
11051,21723,REF
11085,11009,REF
11102,11016,REF
11126,11027,REF
11141,11032,REF
11192,11050,REF
11195,11196,REF
11197,11196,REF
11198,11199,REF
11200,11201,REF
11202,11203,REF
11204,11199,REF
11205,11206,REF
11207,11208,REF
11209,11210,REF
11211,11201,REF
11212,11213,REF
11214,11210,REF
11215,11216,REF
11217,11210,REF
11218,11219,REF
11220,11210,REF
11221,11213,REF
11222,11210,REF
11223,11216,REF
11224,11210,REF
11225,11219,REF
11226,11210,REF
11227,11228,REF
11229,11230,REF
11231,11213,REF
11232,11230,REF
11233,11216,REF
11234,11230,REF
11235,11219,REF
11236,11208,REF
11237,11228,REF
11238,11208,REF
11239,21723,REF
11277,11196,REF
11289,11288,REF
11331,11230,REF
11338,21723,REF
11360,11361,REF
11362,11363,REF
11364,11363,REF
11365,11363,REF
11366,11363,REF
11367,11363,REF
11368,11363,REF
11369,11363,REF
11370,11371,REF
11372,11373,REF
11374,11373,REF
11375,11373,REF
11376,11373,REF
11377,11373,REF
11378,11371,REF
11379,11373,REF
11380,11363,REF
11381,11363,REF
11382,11363,REF
11383,11384,REF
11385,11363,REF
11386,21723,REF
11405,11361,REF
11480,21723,REF
11495,21723,REF
11510,21723,REF
11515,21723,REF
11530,21723,REF
11548,11549,REF
11550,11551,REF
11552,11551,REF
11553,11551,REF
11554,11551,REF
11555,11551,REF
11556,11551,REF
11557,11551,REF
11558,11559,REF
11560,11561,REF
11562,11561,REF
11563,11561,REF
11564,11561,REF
11565,11561,REF
11566,11559,REF
11567,11561,REF
11568,11551,REF
11569,11559,REF
11570,11561,REF
11571,11561,REF
11572,11551,REF
11573,11551,REF
11574,11575,REF
11576,11551,REF
11577,21723,REF
11596,11549,REF
11696,11697,REF
11698,11699,REF
11700,11701,REF
11702,11703,REF
11704,11697,REF
11705,11703,REF
11706,11703,REF
11707,11703,REF
11708,11709,REF
11710,11709,REF
11711,11709,REF
11712,11703,REF
11713,11714,REF
11715,11697,REF
11716,11714,REF
11717,11714,REF
11718,11714,REF
11719,11709,REF
11720,11709,REF
11721,11709,REF
11722,11714,REF
11723,11714,REF
11724,11714,REF
11725,11726,REF
11727,11703,REF
11728,11714,REF
11729,11730,REF
11731,11709,REF
11732,11726,REF
11733,11709,REF
11734,11709,REF
11735,11736,REF
11737,11736,REF
11738,11730,REF
11739,11730,REF
11740,11741,REF
11742,11730,REF
11743,11744,REF
11745,11741,REF
11746,11747,REF
11748,11703,REF
11749,11747,REF
11750,11744,REF
11751,11747,REF
11752,11736,REF
11753,11709,REF
11754,11736,REF
11755,21723,REF
11887,11888,REF
11889,11888,REF
11890,11888,REF
11891,11892,REF
11893,11894,REF
11895,11896,REF
11897,11888,REF
11898,11896,REF
11899,11896,REF
11900,11896,REF
11901,11902,REF
11903,11902,REF
11904,11902,REF
11905,11896,REF
11906,11907,REF
11908,11888,REF
11909,11907,REF
11910,11907,REF
11911,11907,REF
11912,11902,REF
11913,11902,REF
11914,11902,REF
11915,11907,REF
11916,11907,REF
11917,11907,REF
11918,11919,REF
11920,11921,REF
11922,11923,REF
11924,11925,REF
11926,11927,REF
11928,11896,REF
11929,11930,REF
11931,11925,REF
11932,11925,REF
11933,11934,REF
11935,11925,REF
11936,11925,REF
11937,11934,REF
11938,11919,REF
11939,11940,REF
11941,11934,REF
11942,11943,REF
11944,11940,REF
11945,11921,REF
11946,11947,REF
11948,11947,REF
11949,11943,REF
11950,11923,REF
11951,11925,REF
11952,11927,REF
11953,11896,REF
11954,11930,REF
11955,11925,REF
11956,11907,REF
11957,11930,REF
11958,11925,REF
11959,11925,REF
11960,11934,REF
11961,11925,REF
11962,11925,REF
11963,11923,REF
11964,11965,REF
11966,11934,REF
11967,11968,REF
11969,11934,REF
11970,11940,REF
11971,11934,REF
11972,11973,REF
11974,11896,REF
11975,11973,REF
11976,11965,REF
11977,11968,REF
11978,11919,REF
11979,11973,REF
11980,11973,REF
11981,11968,REF
11982,11940,REF
11983,11925,REF
11984,11927,REF
11985,11896,REF
11986,11930,REF
11987,11925,REF
11988,11925,REF
11989,11973,REF
11990,11921,REF
11991,11925,REF
11992,11927,REF
11993,11896,REF
11994,11930,REF
11995,11925,REF
11996,11925,REF
11997,11925,REF
11998,11927,REF
11999,11896,REF
12000,11930,REF
12001,11925,REF
12002,11925,REF
12003,21723,REF
12208,12209,REF
12210,12211,REF
12212,12209,REF
12213,12214,REF
12215,12209,REF
12216,12214,REF
12217,12214,REF
12218,12219,REF
12220,12211,REF
12221,12214,REF
12222,12223,REF
12224,12225,REF
12226,12219,REF
12227,12225,REF
12228,12225,REF
12229,12230,REF
12231,12230,REF
12232,12223,REF
12233,12223,REF
12234,12235,REF
12236,12223,REF
12237,12238,REF
12239,12235,REF
12240,12241,REF
12242,12211,REF
12243,12241,REF
12244,12238,REF
12245,12241,REF
12246,12230,REF
12247,12225,REF
12248,12230,REF
12249,21723,REF
12326,12327,REF
12328,12329,REF
12330,12327,REF
12331,12329,REF
12332,12333,REF
12334,12333,REF
12335,12333,REF
12336,12329,REF
12337,12338,REF
12339,12327,REF
12340,12338,REF
12341,12333,REF
12342,12333,REF
12343,12333,REF
12344,12338,REF
12345,12338,REF
12346,12338,REF
12347,12348,REF
12349,12329,REF
12350,12338,REF
12351,12352,REF
12353,12333,REF
12354,12348,REF
12355,12333,REF
12356,12333,REF
12357,12358,REF
12359,12358,REF
12360,12352,REF
12361,12352,REF
12362,12363,REF
12364,12352,REF
12365,12366,REF
12367,12363,REF
12368,12369,REF
12370,12329,REF
12371,12369,REF
12372,12366,REF
12373,12369,REF
12374,12358,REF
12375,12333,REF
12376,12358,REF
12377,21723,REF
12496,21723,REF
12514,12515,REF
12516,12517,REF
12518,12517,REF
12519,12517,REF
12520,12517,REF
12521,12517,REF
12522,12517,REF
12523,12517,REF
12524,12525,REF
12526,12525,REF
12527,12525,REF
12528,12525,REF
12529,12525,REF
12530,12531,REF
12532,12525,REF
12533,12534,REF
12535,12536,REF
12537,12534,REF
12538,12539,REF
12540,12531,REF
12541,12517,REF
12542,12534,REF
12543,12531,REF
12544,12517,REF
12545,12517,REF
12546,12525,REF
12547,12517,REF
12548,12517,REF
12549,12536,REF
12550,12525,REF
12551,12517,REF
12552,12525,REF
12553,12525,REF
12554,12517,REF
12555,12517,REF
12556,12539,REF
12557,12517,REF
12558,21723,REF
12583,12515,REF
12757,12758,REF
12759,12760,REF
12761,12762,REF
12763,12758,REF
12764,12765,REF
12766,12758,REF
12767,12768,REF
12769,12770,REF
12771,12758,REF
12772,12768,REF
12773,12758,REF
12774,12775,REF
12776,12762,REF
12777,12765,REF
12778,12762,REF
12779,12780,REF
12781,12780,REF
12782,12780,REF
12783,12762,REF
12784,12762,REF
12785,12762,REF
12786,12787,REF
12788,12762,REF
12789,12790,REF
12791,12780,REF
12792,12787,REF
12793,12780,REF
12794,12780,REF
12795,12796,REF
12797,12796,REF
12798,12799,REF
12800,12799,REF
12801,12760,REF
12802,12799,REF
12803,12760,REF
12804,12796,REF
12805,12780,REF
12806,12796,REF
12807,21723,REF
12928,12929,REF
12930,12931,REF
12932,12933,REF
12934,12935,REF
12936,12937,REF
12938,12929,REF
12939,12937,REF
12940,12937,REF
12941,12937,REF
12942,12943,REF
12944,12943,REF
12945,12943,REF
12946,12937,REF
12947,12937,REF
12948,12937,REF
12949,12950,REF
12951,12929,REF
12952,12950,REF
12953,12950,REF
12954,12950,REF
12955,12943,REF
12956,12943,REF
12957,12943,REF
12958,12950,REF
12959,12950,REF
12960,12950,REF
12961,12962,REF
12963,12929,REF
12964,12962,REF
12965,12962,REF
12966,12962,REF
12967,12943,REF
12968,12943,REF
12969,12943,REF
12970,12962,REF
12971,12962,REF
12972,12962,REF
12973,12974,REF
12975,12976,REF
12977,12929,REF
12978,12974,REF
12979,12980,REF
12981,12935,REF
12982,12983,REF
12984,12985,REF
12986,12987,REF
12988,12983,REF
12989,12962,REF
12990,12987,REF
12991,12983,REF
12992,12983,REF
12993,12937,REF
12994,12950,REF
12995,12983,REF
12996,12983,REF
12997,12985,REF
12998,12937,REF
12999,12987,REF
13000,12983,REF
13001,12987,REF
13002,12983,REF
13003,12983,REF
13004,12980,REF
13005,12980,REF
13006,12935,REF
13007,21723,REF
13167,13168,REF
13169,13168,REF
13170,13171,REF
13172,13173,REF
13174,13168,REF
13175,13176,REF
13177,13168,REF
13178,13179,REF
13180,13181,REF
13182,13168,REF
13183,13179,REF
13184,13185,REF
13186,13171,REF
13187,13173,REF
13188,13176,REF
13189,13185,REF
13190,13173,REF
13191,13176,REF
13192,13185,REF
13193,13171,REF
13194,13168,REF
13195,13168,REF
13196,13171,REF
13197,13173,REF
13198,13168,REF
13199,13176,REF
13200,13168,REF
13201,13173,REF
13202,13176,REF
13203,13173,REF
13204,13205,REF
13206,13205,REF
13207,13205,REF
13208,13173,REF
13209,13173,REF
13210,13173,REF
13211,13212,REF
13213,13173,REF
13214,13215,REF
13216,13205,REF
13217,13212,REF
13218,13205,REF
13219,13205,REF
13220,13221,REF
13222,13221,REF
13223,13185,REF
13224,13185,REF
13225,13171,REF
13226,13221,REF
13227,13205,REF
13228,13221,REF
13229,21723,REF
13380,13381,REF
13382,13381,REF
13383,13384,REF
13385,13386,REF
13387,13381,REF
13388,13389,REF
13390,13381,REF
13391,13392,REF
13393,13394,REF
13395,13381,REF
13396,13392,REF
13397,13398,REF
13399,13384,REF
13400,13386,REF
13401,13389,REF
13402,13398,REF
13403,13386,REF
13404,13389,REF
13405,13398,REF
13406,13384,REF
13407,13381,REF
13408,13381,REF
13409,13384,REF
13410,13386,REF
13411,13381,REF
13412,13389,REF
13413,13381,REF
13414,13381,REF
13415,13398,REF
13416,13384,REF
13417,13386,REF
13418,13389,REF
13419,13386,REF
13420,13421,REF
13422,13421,REF
13423,13421,REF
13424,13386,REF
13425,13386,REF
13426,13386,REF
13427,13428,REF
13429,13386,REF
13430,13431,REF
13432,13421,REF
13433,13428,REF
13434,13421,REF
13435,13421,REF
13436,13437,REF
13438,13437,REF
13439,13398,REF
13440,13398,REF
13441,13384,REF
13442,13437,REF
13443,13421,REF
13444,13437,REF
13445,21723,REF
13608,21723,REF
13633,13634,REF
13635,13636,REF
13637,13636,REF
13638,13636,REF
13639,13636,REF
13640,13636,REF
13641,13636,REF
13642,13636,REF
13643,13644,REF
13645,13644,REF
13646,13644,REF
13647,13644,REF
13648,13644,REF
13649,13636,REF
13650,13644,REF
13651,13636,REF
13652,13636,REF
13653,13636,REF
13654,21723,REF
13673,13634,REF
13759,13760,REF
13761,13760,REF
13762,13763,REF
13764,13765,REF
13766,13763,REF
13767,13765,REF
13768,21723,REF
13800,13801,REF
13802,13801,REF
13803,13804,REF
13805,13806,REF
13807,13804,REF
13808,13806,REF
13809,21723,REF
13835,13836,REF
13837,13838,REF
13839,13836,REF
13840,13841,REF
13842,13843,REF
13844,13838,REF
13845,13841,REF
13846,21723,REF
13868,13843,REF
13877,13878,REF
13879,13880,REF
13881,13878,REF
13882,21723,REF
13894,13880,REF
13902,13903,REF
13904,13903,REF
13905,13906,REF
13907,13908,REF
13909,13906,REF
13910,13908,REF
13911,21723,REF
13937,13938,REF
13939,13938,REF
13940,13941,REF
13942,13943,REF
13944,13941,REF
13945,13943,REF
13946,21723,REF
13974,21723,REF
13986,13987,REF
13988,13989,REF
13990,13989,REF
13991,13989,REF
13992,13989,REF
13993,13989,REF
13994,13989,REF
13995,13989,REF
13996,13997,REF
13998,13997,REF
13999,13997,REF
14000,13997,REF
14001,13997,REF
14002,13997,REF
14003,14004,REF
14005,13989,REF
14006,14004,REF
14007,13997,REF
14008,13989,REF
14009,13989,REF
14010,13997,REF
14011,13997,REF
14012,13989,REF
14013,13989,REF
14014,14015,REF
14016,13989,REF
14017,21723,REF
14036,13987,REF
14153,14154,REF
14155,14156,REF
14157,14158,REF
14159,14160,REF
14161,14160,REF
14162,14160,REF
14163,14164,REF
14165,14156,REF
14166,14160,REF
14167,14164,REF
14168,14164,REF
14169,14164,REF
14170,14171,REF
14172,14160,REF
14173,14174,REF
14175,14164,REF
14176,14177,REF
14178,14164,REF
14179,14154,REF
14180,14181,REF
14182,14181,REF
14183,14181,REF
14184,14181,REF
14185,14171,REF
14186,14181,REF
14187,14174,REF
14188,14181,REF
14189,14177,REF
14190,14181,REF
14191,14154,REF
14192,14154,REF
14193,14171,REF
14194,14195,REF
14196,14174,REF
14197,14177,REF
14198,14174,REF
14199,14200,REF
14201,14174,REF
14202,14174,REF
14203,14174,REF
14204,14205,REF
14206,14174,REF
14207,14208,REF
14209,14200,REF
14210,14205,REF
14211,14158,REF
14212,14158,REF
14213,14200,REF
14214,14156,REF
14215,14216,REF
14217,14158,REF
14218,14219,REF
14220,14158,REF
14221,21723,REF
14358,14216,REF
14368,14369,REF
14370,14371,REF
14372,14373,REF
14374,14375,REF
14376,14369,REF
14377,14378,REF
14379,14369,REF
14380,14381,REF
14382,14369,REF
14383,14375,REF
14384,14375,REF
14385,14375,REF
14386,14387,REF
14388,14387,REF
14389,14387,REF
14390,14375,REF
14391,14375,REF
14392,14375,REF
14393,14394,REF
14395,14396,REF
14397,14398,REF
14399,14394,REF
14400,14375,REF
14401,14398,REF
14402,14394,REF
14403,14394,REF
14404,14378,REF
14405,14381,REF
14406,14394,REF
14407,14378,REF
14408,14378,REF
14409,14378,REF
14410,14387,REF
14411,14387,REF
14412,14387,REF
14413,14378,REF
14414,14378,REF
14415,14378,REF
14416,14394,REF
14417,14396,REF
14418,14378,REF
14419,14398,REF
14420,14394,REF
14421,14398,REF
14422,14394,REF
14423,14394,REF
14424,14425,REF
14426,14425,REF
14427,21723,REF
14539,14540,REF
14541,14542,REF
14543,14540,REF
14544,14545,REF
14546,14540,REF
14547,14542,REF
14548,14545,REF
14549,14542,REF
14550,14551,REF
14552,14551,REF
14553,14551,REF
14554,14542,REF
14555,14542,REF
14556,14542,REF
14557,14558,REF
14559,14542,REF
14560,14561,REF
14562,14551,REF
14563,14558,REF
14564,14551,REF
14565,14551,REF
14566,14567,REF
14568,14567,REF
14569,14570,REF
14571,14570,REF
14572,14567,REF
14573,14551,REF
14574,14567,REF
14575,21723,REF
14661,14662,REF
14663,14664,REF
14665,14664,REF
14666,14667,REF
14668,14662,REF
14669,14670,REF
14671,14662,REF
14672,14667,REF
14673,14670,REF
14674,14667,REF
14675,14676,REF
14677,14676,REF
14678,14676,REF
14679,14667,REF
14680,14667,REF
14681,14667,REF
14682,14683,REF
14684,14667,REF
14685,14686,REF
14687,14676,REF
14688,14683,REF
14689,14676,REF
14690,14676,REF
14691,14692,REF
14693,14692,REF
14694,14695,REF
14696,14695,REF
14697,14695,REF
14698,14692,REF
14699,14676,REF
14700,14692,REF
14701,21723,REF
14801,14802,REF
14803,14804,REF
14805,14806,REF
14807,14808,REF
14809,14806,REF
14810,14808,REF
14811,14808,REF
14812,14808,REF
14813,14814,REF
14815,14808,REF
14816,14817,REF
14818,14806,REF
14819,14817,REF
14820,14817,REF
14821,14817,REF
14822,14814,REF
14823,14817,REF
14824,14817,REF
14825,14817,REF
14826,14827,REF
14828,14808,REF
14829,14817,REF
14830,14831,REF
14832,14814,REF
14833,14827,REF
14834,14831,REF
14835,14831,REF
14836,14804,REF
14837,14808,REF
14838,14804,REF
14839,14808,REF
14840,14841,REF
14842,14843,REF
14844,14843,REF
14845,14843,REF
14846,14804,REF
14847,14841,REF
14848,14843,REF
14849,21723,REF
14868,14802,REF
14954,21723,REF
14972,14973,REF
14974,14975,REF
14976,14975,REF
14977,14975,REF
14978,14975,REF
14979,14975,REF
14980,14975,REF
14981,14975,REF
14982,14983,REF
14984,14983,REF
14985,14983,REF
14986,14983,REF
14987,14983,REF
14988,14983,REF
14989,14975,REF
14990,14983,REF
14991,14975,REF
14992,14975,REF
14993,14994,REF
14995,14975,REF
14996,21723,REF
15015,14973,REF
15111,15112,REF
15113,15114,REF
15115,15116,REF
15117,15118,REF
15119,15120,REF
15121,15120,REF
15122,15120,REF
15123,15120,REF
15124,15120,REF
15125,15120,REF
15126,15120,REF
15127,15120,REF
15128,15120,REF
15129,15114,REF
15130,15118,REF
15131,15118,REF
15132,15114,REF
15133,15134,REF
15135,15114,REF
15136,15134,REF
15137,15114,REF
15138,15139,REF
15140,15134,REF
15141,21723,REF
15192,15120,REF
15216,15217,REF
15218,15219,REF
15220,15221,REF
15222,15223,REF
15224,15219,REF
15225,15223,REF
15226,15223,REF
15227,15228,REF
15229,15223,REF
15230,15228,REF
15231,15228,REF
15232,15228,REF
15233,15228,REF
15234,15228,REF
15235,15223,REF
15236,15228,REF
15237,15228,REF
15238,15228,REF
15239,15228,REF
15240,15241,REF
15242,15223,REF
15243,15241,REF
15244,15223,REF
15245,15246,REF
15247,15241,REF
15248,15246,REF
15249,21723,REF
15335,15336,REF
15337,15338,REF
15339,15340,REF
15341,15342,REF
15343,15338,REF
15344,15342,REF
15345,15338,REF
15346,15347,REF
15348,15342,REF
15349,21723,REF
15381,15382,REF
15383,15384,REF
15385,15386,REF
15387,15388,REF
15389,15390,REF
15391,15390,REF
15392,15384,REF
15393,15388,REF
15394,15388,REF
15395,15384,REF
15396,15397,REF
15398,15384,REF
15399,15397,REF
15400,15384,REF
15401,15402,REF
15403,15397,REF
15404,21723,REF
15426,15390,REF
15450,15451,REF
15452,15453,REF
15454,21723,REF
15489,15490,REF
15491,21723,REF
15518,15519,REF
15520,15521,REF
15522,15521,REF
15523,15519,REF
15524,15521,REF
15525,15519,REF
15526,15519,REF
15527,15521,REF
15528,15521,REF
15529,15519,REF
15530,15521,REF
15531,15519,REF
15532,15521,REF
15533,21723,REF
15611,15612,REF
15613,21723,REF
15622,21723,REF
15659,15660,REF
15661,15660,REF
15662,15660,REF
15663,15664,REF
15665,15660,REF
15666,21723,REF
15711,15712,REF
15713,15714,REF
15715,15714,REF
15716,15714,REF
15717,15714,REF
15718,15714,REF
15719,15714,REF
15720,15714,REF
15721,15722,REF
15723,15722,REF
15724,15722,REF
15725,15722,REF
15726,15722,REF
15727,15722,REF
15728,15729,REF
15730,15729,REF
15731,15714,REF
15732,21723,REF
15751,15712,REF
15815,15816,REF
15817,15818,REF
15819,15816,REF
15820,15816,REF
15821,21723,REF
15840,15841,REF
15842,15843,REF
15844,15841,REF
15845,15841,REF
15846,15841,REF
15847,15841,REF
15848,21723,REF
15872,15873,REF
15874,15875,REF
15876,21723,REF
15884,15885,REF
15886,15887,REF
15888,15885,REF
15889,15890,REF
15891,15890,REF
15892,15885,REF
15893,15885,REF
15894,15895,REF
15896,15895,REF
15897,15885,REF
15898,21723,REF
15916,15890,REF
15929,15895,REF
15932,21723,REF
15959,15960,REF
15961,15962,REF
15963,15962,REF
15964,15962,REF
15965,15962,REF
15966,15962,REF
15967,15962,REF
15968,15962,REF
15969,15970,REF
15971,15970,REF
15972,15970,REF
15973,15970,REF
15974,15970,REF
15975,15976,REF
15977,15978,REF
15979,15980,REF
15981,15980,REF
15982,15983,REF
15984,15980,REF
15985,15986,REF
15987,15980,REF
15988,15983,REF
15989,15986,REF
15990,15976,REF
15991,15976,REF
15992,15986,REF
15993,15976,REF
15994,15976,REF
15995,15986,REF
15996,15976,REF
15997,15976,REF
15998,15970,REF
15999,15976,REF
16000,15976,REF
16001,15962,REF
16002,15962,REF
16003,15976,REF
16004,15970,REF
16005,15962,REF
16006,15962,REF
16007,15962,REF
16008,21723,REF
16027,15960,REF
16205,16206,REF
16207,21723,REF
16222,21723,REF
16227,16228,REF
16229,21723,REF
16238,16239,REF
16240,21723,REF
16255,21723,REF
16267,16268,REF
16269,16270,REF
16271,16270,REF
16272,16270,REF
16273,16270,REF
16274,16270,REF
16275,16270,REF
16276,16270,REF
16277,16278,REF
16279,16280,REF
16281,16278,REF
16282,16280,REF
16283,16278,REF
16284,16280,REF
16285,16278,REF
16286,16280,REF
16287,16270,REF
16288,16278,REF
16289,16280,REF
16290,16291,REF
16292,16270,REF
16293,21723,REF
16312,16268,REF
16393,16394,REF
16395,16394,REF
16396,16394,REF
16397,16394,REF
16398,21723,REF
16439,16440,REF
16441,16442,REF
16443,16442,REF
16444,16442,REF
16445,16440,REF
16446,16440,REF
16447,16440,REF
16448,16440,REF
16449,16440,REF
16450,21723,REF
16496,16497,REF
16498,16499,REF
16500,16499,REF
16501,16499,REF
16502,16499,REF
16503,16499,REF
16504,16499,REF
16505,16499,REF
16506,16507,REF
16508,16509,REF
16510,16509,REF
16511,16509,REF
16512,16507,REF
16513,16507,REF
16514,16507,REF
16515,16507,REF
16516,16499,REF
16517,16507,REF
16518,16519,REF
16520,16499,REF
16521,21723,REF
16540,16497,REF
16628,16629,REF
16630,16629,REF
16631,16629,REF
16632,21723,REF
16657,16658,REF
16659,16658,REF
16660,16658,REF
16661,16658,REF
16662,21723,REF
16699,21723,REF
16717,16718,REF
16719,16720,REF
16721,16720,REF
16722,16720,REF
16723,16720,REF
16724,16720,REF
16725,16720,REF
16726,16720,REF
16727,16728,REF
16729,16730,REF
16731,16730,REF
16732,16730,REF
16733,16728,REF
16734,16730,REF
16735,16730,REF
16736,16730,REF
16737,16720,REF
16738,16730,REF
16739,16720,REF
16740,16720,REF
16741,16728,REF
16742,16730,REF
16743,16720,REF
16744,16745,REF
16746,16745,REF
16747,16748,REF
16749,16745,REF
16750,16720,REF
16751,16745,REF
16752,16745,REF
16753,16720,REF
16754,16720,REF
16755,16720,REF
16756,16730,REF
16757,16720,REF
16758,16720,REF
16759,16720,REF
16760,16761,REF
16762,16720,REF
16763,21723,REF
16782,16718,REF
16937,16938,REF
16939,16940,REF
16941,16940,REF
16942,16940,REF
16943,16940,REF
16944,16945,REF
16946,16947,REF
16948,16945,REF
16949,16940,REF
16950,16947,REF
16951,16940,REF
16952,16940,REF
16953,16940,REF
16954,21723,REF
16973,16938,REF
17016,17017,REF
17018,17019,REF
17020,17017,REF
17021,17022,REF
17023,17024,REF
17025,17019,REF
17026,17027,REF
17028,17029,REF
17030,17024,REF
17031,17032,REF
17033,17027,REF
17034,17035,REF
17036,17032,REF
17037,17038,REF
17039,17032,REF
17040,17041,REF
17042,17019,REF
17043,17035,REF
17044,17038,REF
17045,17046,REF
17047,17029,REF
17048,17046,REF
17049,17050,REF
17051,17024,REF
17052,17019,REF
17053,17054,REF
17055,17024,REF
17056,17050,REF
17057,17058,REF
17059,17054,REF
17060,17032,REF
17061,17054,REF
17062,17035,REF
17063,17032,REF
17064,17038,REF
17065,17032,REF
17066,17041,REF
17067,17019,REF
17068,17035,REF
17069,17038,REF
17070,17071,REF
17072,21723,REF
17167,17168,REF
17169,17170,REF
17171,17172,REF
17173,17174,REF
17175,17168,REF
17176,17174,REF
17177,17174,REF
17178,17174,REF
17179,17180,REF
17181,17182,REF
17183,17184,REF
17185,17174,REF
17186,17187,REF
17188,17182,REF
17189,17182,REF
17190,17191,REF
17192,17182,REF
17193,17182,REF
17194,17195,REF
17196,17191,REF
17197,17198,REF
17199,17191,REF
17200,17201,REF
17202,17174,REF
17203,17195,REF
17204,17198,REF
17205,17206,REF
17207,17208,REF
17209,17206,REF
17210,17174,REF
17211,17208,REF
17212,17213,REF
17214,17208,REF
17215,17213,REF
17216,17213,REF
17217,17218,REF
17219,17213,REF
17220,17218,REF
17221,17191,REF
17222,17213,REF
17223,17195,REF
17224,17191,REF
17225,17198,REF
17226,17191,REF
17227,17201,REF
17228,17174,REF
17229,17195,REF
17230,17198,REF
17231,21723,REF
17329,17330,REF
17331,17332,REF
17333,17330,REF
17334,17335,REF
17336,17337,REF
17338,17332,REF
17339,17340,REF
17341,17342,REF
17343,17337,REF
17344,17342,REF
17345,17342,REF
17346,17347,REF
17348,17347,REF
17349,17350,REF
17351,17340,REF
17352,17353,REF
17354,17350,REF
17355,17356,REF
17357,17350,REF
17358,17359,REF
17360,17332,REF
17361,17353,REF
17362,17356,REF
17363,17342,REF
17364,17365,REF
17366,17337,REF
17367,17332,REF
17368,17369,REF
17370,17337,REF
17371,17365,REF
17372,17373,REF
17374,17369,REF
17375,17350,REF
17376,17369,REF
17377,17353,REF
17378,17350,REF
17379,17356,REF
17380,17350,REF
17381,17359,REF
17382,17332,REF
17383,17353,REF
17384,17356,REF
17385,17386,REF
17387,21723,REF
17492,17493,REF
17494,17495,REF
17496,17493,REF
17497,17495,REF
17498,17499,REF
17500,17495,REF
17501,17502,REF
17503,17504,REF
17505,17495,REF
17506,17507,REF
17508,17499,REF
17509,17504,REF
17510,17499,REF
17511,17512,REF
17513,17507,REF
17514,17515,REF
17516,17512,REF
17517,17518,REF
17519,17512,REF
17520,17521,REF
17522,17495,REF
17523,17515,REF
17524,17518,REF
17525,17526,REF
17527,17504,REF
17528,17495,REF
17529,17530,REF
17531,17504,REF
17532,17526,REF
17533,17534,REF
17535,17530,REF
17536,17512,REF
17537,17530,REF
17538,17515,REF
17539,17512,REF
17540,17518,REF
17541,17512,REF
17542,17521,REF
17543,17495,REF
17544,17515,REF
17545,17518,REF
17546,17547,REF
17548,17504,REF
17549,17507,REF
17550,17499,REF
17551,17504,REF
17552,17499,REF
17553,17499,REF
17554,17555,REF
17556,17555,REF
17557,17558,REF
17559,17507,REF
17560,17499,REF
17561,21723,REF
17689,17690,REF
17691,17692,REF
17693,17694,REF
17695,17690,REF
17696,17692,REF
17697,17694,REF
17698,17699,REF
17700,17701,REF
17702,17703,REF
17704,17701,REF
17705,17706,REF
17707,17703,REF
17708,17706,REF
17709,17706,REF
17710,21723,REF
17741,17742,REF
17743,17744,REF
17745,17744,REF
17746,17744,REF
17747,17744,REF
17748,17749,REF
17750,17749,REF
17751,17744,REF
17752,17744,REF
17753,17744,REF
17754,17744,REF
17755,21723,REF
17774,17742,REF
17812,21723,REF
17830,17831,REF
17832,17833,REF
17834,17833,REF
17835,17833,REF
17836,17833,REF
17837,17833,REF
17838,17833,REF
17839,17833,REF
17840,17841,REF
17842,17843,REF
17844,17843,REF
17845,17843,REF
17846,17841,REF
17847,17843,REF
17848,17843,REF
17849,17843,REF
17850,17851,REF
17852,17851,REF
17853,17851,REF
17854,17833,REF
17855,17851,REF
17856,17843,REF
17857,17833,REF
17858,17833,REF
17859,17841,REF
17860,17843,REF
17861,17833,REF
17862,17863,REF
17864,17865,REF
17866,17867,REF
17868,17863,REF
17869,17867,REF
17870,17867,REF
17871,17872,REF
17873,17872,REF
17874,17875,REF
17876,17865,REF
17877,17878,REF
17879,17878,REF
17880,17875,REF
17881,17878,REF
17882,17833,REF
17883,17878,REF
17884,17878,REF
17885,17833,REF
17886,17833,REF
17887,17833,REF
17888,17843,REF
17889,17833,REF
17890,17833,REF
17891,17833,REF
17892,17893,REF
17894,17833,REF
17895,21723,REF
17914,17831,REF
18120,18121,REF
18122,18123,REF
18124,18121,REF
18125,18126,REF
18127,18128,REF
18129,18130,REF
18131,18123,REF
18132,18133,REF
18134,18135,REF
18136,18130,REF
18137,18126,REF
18138,18133,REF
18139,18126,REF
18140,18133,REF
18141,18126,REF
18142,18143,REF
18144,18135,REF
18145,18143,REF
18146,18147,REF
18148,18130,REF
18149,18123,REF
18150,18151,REF
18152,18130,REF
18153,18147,REF
18154,18155,REF
18156,18151,REF
18157,18126,REF
18158,18155,REF
18159,18126,REF
18160,18126,REF
18161,18162,REF
18163,18164,REF
18165,18162,REF
18166,21723,REF
18273,18274,REF
18275,18276,REF
18277,18278,REF
18279,18280,REF
18281,18282,REF
18283,18274,REF
18284,18282,REF
18285,18282,REF
18286,18282,REF
18287,18288,REF
18289,18290,REF
18291,18292,REF
18293,18282,REF
18294,18295,REF
18296,18290,REF
18297,18290,REF
18298,18280,REF
18299,18290,REF
18300,18301,REF
18302,18303,REF
18304,18301,REF
18305,18282,REF
18306,18303,REF
18307,18308,REF
18309,18303,REF
18310,18308,REF
18311,18308,REF
18312,18313,REF
18314,18308,REF
18315,18313,REF
18316,18317,REF
18318,18308,REF
18319,18320,REF
18321,18317,REF
18322,18280,REF
18323,18320,REF
18324,18280,REF
18325,18326,REF
18327,18328,REF
18329,18326,REF
18330,21723,REF
18421,18422,REF
18423,18424,REF
18425,18422,REF
18426,18427,REF
18428,18429,REF
18430,18431,REF
18432,18424,REF
18433,18434,REF
18435,18436,REF
18437,18431,REF
18438,18427,REF
18439,18434,REF
18440,18427,REF
18441,18434,REF
18442,18427,REF
18443,18444,REF
18445,18436,REF
18446,18444,REF
18447,18448,REF
18449,18431,REF
18450,18424,REF
18451,18452,REF
18453,18431,REF
18454,18448,REF
18455,18456,REF
18457,18452,REF
18458,18427,REF
18459,18456,REF
18460,18427,REF
18461,18427,REF
18462,18463,REF
18464,18465,REF
18466,18463,REF
18467,21723,REF
18563,18564,REF
18565,18566,REF
18567,18564,REF
18568,18569,REF
18570,18571,REF
18572,18566,REF
18573,18574,REF
18575,18574,REF
18576,18574,REF
18577,18566,REF
18578,18579,REF
18580,18566,REF
18581,18582,REF
18583,18574,REF
18584,18579,REF
18585,18569,REF
18586,18582,REF
18587,18569,REF
18588,18582,REF
18589,18569,REF
18590,18591,REF
18592,18579,REF
18593,18566,REF
18594,18595,REF
18596,18579,REF
18597,18591,REF
18598,18599,REF
18600,18595,REF
18601,18569,REF
18602,18599,REF
18603,18569,REF
18604,18569,REF
18605,18606,REF
18607,18606,REF
18608,21723,REF
18710,21723,REF
18734,18735,REF
18736,18737,REF
18738,18737,REF
18739,18737,REF
18740,18737,REF
18741,18737,REF
18742,18737,REF
18743,18737,REF
18744,18745,REF
18746,18745,REF
18747,18745,REF
18748,18745,REF
18749,18745,REF
18750,18745,REF
18751,18752,REF
18753,18754,REF
18755,18752,REF
18756,18754,REF
18757,18752,REF
18758,18737,REF
18759,18752,REF
18760,18745,REF
18761,18737,REF
18762,18737,REF
18763,18764,REF
18765,18737,REF
18766,21723,REF
18785,18735,REF
18894,18895,REF
18896,18897,REF
18898,18897,REF
18899,18900,REF
18901,18902,REF
18903,18900,REF
18904,18905,REF
18906,18902,REF
18907,18902,REF
18908,18909,REF
18910,18900,REF
18911,18912,REF
18913,18900,REF
18914,18905,REF
18915,18905,REF
18916,18905,REF
18917,18909,REF
18918,18912,REF
18919,18912,REF
18920,18897,REF
18921,18922,REF
18923,18922,REF
18924,18897,REF
18925,18922,REF
18926,21723,REF
19001,19002,REF
19003,19004,REF
19005,19006,REF
19007,19008,REF
19009,19010,REF
19011,19012,REF
19013,19008,REF
19014,19008,REF
19015,19016,REF
19017,19010,REF
19018,19019,REF
19020,19010,REF
19021,19022,REF
19023,19010,REF
19024,19025,REF
19026,19027,REF
19028,19008,REF
19029,19012,REF
19030,19031,REF
19032,19031,REF
19033,19008,REF
19034,19012,REF
19035,19012,REF
19036,19012,REF
19037,19012,REF
19038,19016,REF
19039,19019,REF
19040,19019,REF
19041,19022,REF
19042,19019,REF
19043,19044,REF
19045,19022,REF
19046,19044,REF
19047,19031,REF
19048,19044,REF
19049,19022,REF
19050,19044,REF
19051,19031,REF
19052,19044,REF
19053,19031,REF
19054,19025,REF
19055,19027,REF
19056,19057,REF
19058,19025,REF
19059,19027,REF
19060,19027,REF
19061,19057,REF
19062,19031,REF
19063,19031,REF
19064,19057,REF
19065,21723,REF
19204,19205,REF
19206,19207,REF
19208,19207,REF
19209,19210,REF
19211,19210,REF
19212,19207,REF
19213,19214,REF
19215,19214,REF
19216,19207,REF
19217,21723,REF
19254,19255,REF
19256,19257,REF
19258,19257,REF
19259,19260,REF
19261,19262,REF
19263,19260,REF
19264,19265,REF
19266,19260,REF
19267,19268,REF
19269,19260,REF
19270,19265,REF
19271,19265,REF
19272,19268,REF
19273,19260,REF
19274,19257,REF
19275,19276,REF
19277,19276,REF
19278,19257,REF
19279,19276,REF
19280,21723,REF
19345,19346,REF
19347,19348,REF
19349,19348,REF
19350,19348,REF
19351,19348,REF
19352,19353,REF
19354,19353,REF
19355,19353,REF
19356,19357,REF
19358,19353,REF
19359,19360,REF
19361,19353,REF
19362,19363,REF
19364,19353,REF
19365,19363,REF
19366,19357,REF
19367,19357,REF
19368,19363,REF
19369,19370,REF
19371,19370,REF
19372,19348,REF
19373,19370,REF
19374,19348,REF
19375,21723,REF
19394,19346,REF
19473,19474,REF
19475,19476,REF
19477,19476,REF
19478,19476,REF
19479,19476,REF
19480,19481,REF
19482,19481,REF
19483,19484,REF
19485,19481,REF
19486,19487,REF
19488,19481,REF
19489,19484,REF
19490,19491,REF
19492,19491,REF
19493,19491,REF
19494,19491,REF
19495,19491,REF
19496,19491,REF
19497,19491,REF
19498,19491,REF
19499,19491,REF
19500,19491,REF
19501,19491,REF
19502,19491,REF
19503,19491,REF
19504,19491,REF
19505,19506,REF
19507,19484,REF
19508,19487,REF
19509,19506,REF
19510,19511,REF
19512,19513,REF
19514,19506,REF
19515,19516,REF
19517,19484,REF
19518,19487,REF
19519,19520,REF
19521,19484,REF
19522,19487,REF
19523,19516,REF
19524,19484,REF
19525,19487,REF
19526,19520,REF
19527,19476,REF
19528,19491,REF
19529,19484,REF
19530,19487,REF
19531,19506,REF
19532,19516,REF
19533,19484,REF
19534,19476,REF
19535,19476,REF
19536,21723,REF
19555,19474,REF
19656,19511,REF
19662,19513,REF
19724,19725,REF
19726,19727,REF
19728,19727,REF
19729,19727,REF
19730,19727,REF
19731,19732,REF
19733,19734,REF
19735,19732,REF
19736,19737,REF
19738,19734,REF
19739,19737,REF
19740,19741,REF
19742,19743,REF
19744,19737,REF
19745,19737,REF
19746,19737,REF
19747,19748,REF
19749,19734,REF
19750,19748,REF
19751,19752,REF
19753,19754,REF
19755,19748,REF
19756,19748,REF
19757,19748,REF
19758,19759,REF
19760,19734,REF
19761,19759,REF
19762,19763,REF
19764,19765,REF
19766,19759,REF
19767,19759,REF
19768,19759,REF
19769,19770,REF
19771,19734,REF
19772,19770,REF
19773,19774,REF
19775,19776,REF
19777,19770,REF
19778,19770,REF
19779,19770,REF
19780,19734,REF
19781,19782,REF
19783,19782,REF
19784,19782,REF
19785,19782,REF
19786,19782,REF
19787,19782,REF
19788,19782,REF
19789,19782,REF
19790,19782,REF
19791,19782,REF
19792,19782,REF
19793,19782,REF
19794,19782,REF
19795,19782,REF
19796,19727,REF
19797,19782,REF
19798,19782,REF
19799,19770,REF
19800,19782,REF
19801,19759,REF
19802,19782,REF
19803,19748,REF
19804,19782,REF
19805,19737,REF
19806,19727,REF
19807,19727,REF
19808,21723,REF
19827,19725,REF
19860,19741,REF
19866,19743,REF
19885,19752,REF
19891,19754,REF
19910,19763,REF
19916,19765,REF
19935,19774,REF
19941,19776,REF
20025,21723,REF
20044,20045,REF
20046,20047,REF
20048,20047,REF
20049,20047,REF
20050,20047,REF
20051,20047,REF
20052,20047,REF
20053,20047,REF
20054,20055,REF
20056,20057,REF
20058,20057,REF
20059,20057,REF
20060,20057,REF
20061,20057,REF
20062,20055,REF
20063,20057,REF
20064,20047,REF
20065,20066,REF
20067,20047,REF
20068,21723,REF
20087,20045,REF
20153,20154,REF
20155,20156,REF
20157,20158,REF
20159,20158,REF
20160,20158,REF
20161,20162,REF
20163,20158,REF
20164,20162,REF
20165,20156,REF
20166,21723,REF
20210,20211,REF
20212,20213,REF
20214,20215,REF
20216,20215,REF
20217,20213,REF
20218,21723,REF
20252,20253,REF
20254,20255,REF
20256,20257,REF
20258,20257,REF
20259,20257,REF
20260,20261,REF
20262,20257,REF
20263,20261,REF
20264,21723,REF
20295,20296,REF
20297,20298,REF
20299,20300,REF
20301,20300,REF
20302,21723,REF
20319,21723,REF
20346,20347,REF
20348,20349,REF
20350,20349,REF
20351,20349,REF
20352,20349,REF
20353,20349,REF
20354,20349,REF
20355,20349,REF
20356,20357,REF
20358,20357,REF
20359,20357,REF
20360,20357,REF
20361,20357,REF
20362,20357,REF
20363,20364,REF
20365,20357,REF
20366,20364,REF
20367,20349,REF
20368,20364,REF
20369,20349,REF
20370,20349,REF
20371,21723,REF
20390,20347,REF
20479,20480,REF
20481,20480,REF
20482,20480,REF
20483,21723,REF
20510,21723,REF
20515,21723,REF
20520,20521,REF
20522,20521,REF
20523,20524,REF
20525,20521,REF
20526,20524,REF
20527,21723,REF
20555,21723,REF
20573,20574,REF
20575,20576,REF
20577,20576,REF
20578,20576,REF
20579,20576,REF
20580,20576,REF
20581,20576,REF
20582,20576,REF
20583,20584,REF
20585,20584,REF
20586,20584,REF
20587,20584,REF
20588,20584,REF
20589,20584,REF
20590,20576,REF
20591,20584,REF
20592,20576,REF
20593,20576,REF
20594,20595,REF
20596,20576,REF
20597,21723,REF
20616,20574,REF
20717,20718,REF
20719,20718,REF
20720,20721,REF
20722,20718,REF
20723,20724,REF
20725,20721,REF
20726,21723,REF
20754,20755,REF
20756,20755,REF
20757,20758,REF
20759,20760,REF
20761,20762,REF
20763,20755,REF
20764,20765,REF
20766,20762,REF
20767,21723,REF
20798,20799,REF
20800,20799,REF
20801,20802,REF
20803,20799,REF
20804,21723,REF
20829,20830,REF
20831,20830,REF
20832,20833,REF
20834,20830,REF
20835,20836,REF
20837,20833,REF
20838,21723,REF
20866,21723,REF
20884,20885,REF
20886,20887,REF
20888,20887,REF
20889,20887,REF
20890,20887,REF
20891,20887,REF
20892,20887,REF
20893,20887,REF
20894,20895,REF
20896,20897,REF
20898,20899,REF
20900,20901,REF
20902,20897,REF
20903,20901,REF
20904,20901,REF
20905,20906,REF
20907,20906,REF
20908,20909,REF
20910,20909,REF
20911,20909,REF
20912,20909,REF
20913,20909,REF
20914,20909,REF
20915,20887,REF
20916,20909,REF
20917,20887,REF
20918,20887,REF
20919,20920,REF
20921,20887,REF
20922,21723,REF
20941,20885,REF
21075,21076,REF
21077,21078,REF
21079,21076,REF
21080,21081,REF
21082,21076,REF
21083,21078,REF
21084,21078,REF
21085,21078,REF
21086,21087,REF
21088,21087,REF
21089,21087,REF
21090,21078,REF
21091,21078,REF
21092,21078,REF
21093,21081,REF
21094,21081,REF
21095,21081,REF
21096,21087,REF
21097,21087,REF
21098,21087,REF
21099,21081,REF
21100,21101,REF
21102,21078,REF
21103,21081,REF
21104,21105,REF
21106,21087,REF
21107,21101,REF
21108,21087,REF
21109,21087,REF
21110,21111,REF
21112,21111,REF
21113,21723,REF
21208,21209,REF
21210,21211,REF
21212,21213,REF
21214,21215,REF
21216,21209,REF
21217,21218,REF
21219,21209,REF
21220,21215,REF
21221,21215,REF
21222,21215,REF
21223,21224,REF
21225,21224,REF
21226,21224,REF
21227,21215,REF
21228,21215,REF
21229,21215,REF
21230,21218,REF
21231,21218,REF
21232,21218,REF
21233,21224,REF
21234,21224,REF
21235,21224,REF
21236,21218,REF
21237,21218,REF
21238,21218,REF
21239,21240,REF
21241,21242,REF
21243,21215,REF
21244,21245,REF
21246,21240,REF
21247,21218,REF
21248,21245,REF
21249,21240,REF
21250,21240,REF
21251,21723,REF
21336,21337,REF
21338,21339,REF
21340,21337,REF
21341,21342,REF
21343,21337,REF
21344,21339,REF
21345,21339,REF
21346,21339,REF
21347,21348,REF
21349,21348,REF
21350,21348,REF
21351,21339,REF
21352,21342,REF
21353,21348,REF
21354,21348,REF
21355,21348,REF
21356,21342,REF
21357,21358,REF
21359,21339,REF
21360,21342,REF
21361,21362,REF
21363,21348,REF
21364,21358,REF
21365,21348,REF
21366,21348,REF
21367,21368,REF
21369,21368,REF
21370,21723,REF
21458,21459,REF
21460,21461,REF
21462,21459,REF
21463,21464,REF
21465,21459,REF
21466,21461,REF
21467,21461,REF
21468,21461,REF
21469,21470,REF
21471,21470,REF
21472,21470,REF
21473,21461,REF
21474,21461,REF
21475,21461,REF
21476,21464,REF
21477,21464,REF
21478,21464,REF
21479,21470,REF
21480,21470,REF
21481,21470,REF
21482,21464,REF
21483,21484,REF
21485,21461,REF
21486,21464,REF
21487,21488,REF
21489,21470,REF
21490,21484,REF
21491,21470,REF
21492,21470,REF
21493,21494,REF
21495,21494,REF
21496,21723,REF
21591,21724,REF
21592,21725,REF
21593,21726,REF
